"ID","License","Cost","TotalTime","Satisfaction"
126,0,5,95,1
131,1,3.6,60,3
142,1,2.5,80,4
145,1,5.5,43,3
168,1,2.3,33,3
189,1,2.5,34,4
232,1,6,53,3
244,1,4.4,120,2
254,1,3,39,3
277,1,2.5,37,4
610,1,2.5,75,4
645,1,0,96,4
1003,1,0,80,1
1040,1,3.6,80,3
1050,1,0,62,3
1051,1,0,45,3
1129,0,2.5,60,3
1152,1,2.5,35,4
1168,1,2.5,55,4
1181,0,2.5,77,3
1195,1,0,58,3
1196,1,3.6,37,2
1202,1,4.4,38,0
1289,1,2.5,25,4
1310,1,0,76,0
1316,1,0,60,3
1319,1,2.8,73,3
1339,1,2.5,34,3
1344,1,3.6,35,3
1370,1,1.25,57,3
1388,1,3.4,57,3
1392,1,2.5,45,4
1395,1,9.1,85,3
1453,1,2.5,101,4
1458,1,2.5,30,4
1461,1,4.8,60,1
1465,1,2.5,33,4
1468,1,2.7,27,3
1475,1,2.5,65,4
1476,1,2.5,48,4
1504,1,1.8,45,4
1526,1,3.6,28,3
1561,1,13,93,1
1572,1,2.5,29,3
1585,1,0,63,4
1589,1,2.5,65,4
1606,1,10,67,3
1611,1,0,60,2
1682,1,3.6,35,4
1688,1,2.5,46,3
1706,1,2.5,65,4
1717,1,2.5,80,3
1722,1,2.5,80,4
1739,1,0,61,4
1743,0,2.5,98,4
1773,1,2.5,84,4
1783,1,5,50,1
1786,1,3.6,32,1
1794,1,2.5,28,4
1795,0,2.5,55,4
1797,1,4.5,82,3
1801,1,2.5,42,4
1860,1,0,65,4
1864,1,2.5,55,4
1865,1,1.25,74,4
1891,1,5,64,3
1929,1,7.2,46,1
1933,1,2.5,37,4
1939,1,2.5,60,4
1967,1,0,103,3
1977,1,2.5,89,4
2057,1,4.5,65,2
2093,1,0,55,2
2101,0,0,60,3
2106,1,5,55,3
2117,0,2.5,45,3
2127,1,6.2,75,3
2130,1,5,85,2
2160,1,6,113,4
2170,1,2.5,59,3
2185,1,2.5,90,4
2187,1,2.5,65,4
2192,1,2.5,26,3
2214,1,2.5,85,4
2228,1,11.8,75,2
2232,1,2.5,60,4
2251,1,2.5,40,4
2254,1,2.5,46,4
2263,1,2.5,81,4
2286,1,2.5,35,4
2295,1,2.5,87,4
2297,1,2.6,90,3
2301,1,2.5,48,2
2332,1,2.5,48,4
2344,1,2.5,33,3
2381,1,1.25,95,4
2390,1,2.5,65,4
2415,1,2.5,45,4
2434,1,2.5,78,4
2446,0,17,74,0
2452,0,0,27,4
2513,1,0,42,3
2521,0,2.5,55,4
2524,1,2.5,70,3
2536,1,2.5,46,4
2551,1,4.4,45,3
2570,1,2.5,100,4
2571,1,7.2,45,3
2583,1,0,21,3
2587,1,6,62,4
2595,1,3.3,67,0
2601,1,10,55,3
2602,1,12.5,46,3
2608,1,6.6,105,1
2672,1,2.5,43,4
2677,1,2.5,50,4
2683,1,0,55,1
2688,1,2.5,58,4
2737,1,2.5,107,4
2746,1,4.6,19,0
2768,1,2.5,44,4
2773,1,0,44,3
2775,1,3.6,22,3
2970,1,5,55,3
3040,1,4,20,1
3049,1,2.5,23,3
4850,1,0,42,3
4853,1,5,102,2
5027,1,2.5,40,3
5034,1,2.5,72,4
5119,1,0,52,3
5120,1,0.05,75,1
5126,1,2.8,30,1
5128,1,3.8,71,3
5194,1,2.5,58,3
5205,1,4.8,80,1
5210,1,12.5,89,2
5233,1,6.8,90,3
5248,1,5,62,1
5258,1,6.3,85,2
5331,1,4.5,50,2
5343,1,4.5,56,3
5345,0,10,55,2
5370,1,20,59,2
5417,0,1.8,37,2
5426,1,5.5,35,4
5434,0,1.1,40,1
5457,0,0,75,1
5480,1,5,68,0
5488,1,5.5,25,4
5522,1,0,75,2
5531,1,0,90,1
5556,1,4.5,50,3
5568,1,2.5,75,4
5601,1,0,88,1
5603,1,0,47,3
5607,0,4.5,25,2
5609,1,2.5,57,3
5612,1,2.5,107,2
5693,1,0,29,2
5696,1,0,115,4
5704,0,0,70,3
5712,1,0,99,2
5714,1,4.4,98,1
5738,1,4.5,60,3
5740,1,0,125,2
5751,0,3.6,28,1
5822,1,3.2,28,2
5827,1,0,75,2
5836,1,1.66,31,2
5854,1,6.6,85,3
5873,1,8,125,4
5880,1,0,110,4
5885,1,4,65,2
5912,1,4.2,65,2
5928,0,3.4,68,4
5929,0,5.4,145,4
5933,1,0,60,3
5968,1,0,95,4
5970,1,2.5,130,4
5989,1,4,69,4
6026,1,0,65,3
6036,1,2.2,67,4
6045,0,5,95,2
6047,1,1.8,43,3
6066,1,2.5,52,3
6069,1,2.5,55,3
6080,0,4.4,60,3
6083,1,4.5,67,3
6102,1,2.5,44,4
6113,1,4,70,2
6122,1,2.5,82,2
6124,1,2.25,59,4
6166,1,4.2,62,1
6176,1,4,65,1
6204,1,2.5,42,4
6206,1,9.35,73,2
6223,1,2.5,68,4
6226,1,1.9,43,4
6238,1,5.2,80,1
6239,1,8,130,0
6262,1,0,50,3
6283,1,3.5,100,3
6287,1,2.2,65,2
6298,1,0,81,2
6305,1,8.4,110,3
6323,1,4.8,55,3
6344,1,7,75,3
6354,1,0,68,4
6356,0,4,10,4
6361,1,3.5,120,2
6370,1,4,59,3
6381,1,0,63,4
6415,1,0,50,3
6432,1,3.6,40,0
6442,1,10,48,1
6444,1,2.5,38,4
6478,1,2.5,77,4
6499,1,24.5,50,2
6502,1,2.5,27,4
6507,1,4.2,101,2
6529,1,6,55,1
6531,1,2.5,36,4
6536,1,2.5,93,3
6569,1,2.5,65,4
6609,1,2,63,4
6610,1,0,88,1
6616,1,6,70,3
6639,1,6,68,3
6648,1,0,44,2
6688,0,0,135,4
6703,0,2.5,29,4
6740,1,5,90,2
6771,1,0,75,3
6808,1,6,55,2
6818,1,6,110,3
6823,1,25.8,66,0
6840,1,4.5,77,1
6844,1,0,70,2
6847,1,4.2,40,2
6885,1,2.5,130,4
6921,1,0,85,0
6937,1,8.6,65,3
6973,1,5.6,80,3
6998,1,0,70,2
7017,1,4,75,2
7032,0,4.6,40,2
7034,0,6.6,93,0
7043,1,2.5,21,2
7051,1,2.5,58,4
7053,1,2.5,88,3
7062,1,3.8,66,1
7067,1,8,51,0
7069,1,5,85,4
7097,1,0,50,2
7112,1,8.8,58,4
7114,1,11.6,155,1
7115,1,5.95,48,1
7149,1,3.6,45,1
7158,1,2.5,45,4
7161,1,7,70,2
7171,1,2.5,60,3
7188,1,2.5,50,4
7191,1,0,33,4
7204,1,2.2,22,2
7210,1,0,55,3
7217,1,10.4,66,3
7266,1,3.4,68,3
7282,1,2.5,70,4
7293,1,0,30,2
7321,0,3.6,43,3
7329,0,4,61,1
7332,1,0,48,3
7334,1,0,106,1
7353,1,6,65,2
7354,1,2.5,85,1
7433,1,3.8,36,1
7453,1,4,55,4
7495,1,2.5,60,4
7512,1,5,120,3
7519,1,2.5,50,4
7523,1,2.5,32,2
7524,1,4.4,33,3
7525,1,0,70,2
7530,1,0,80,1
7553,1,4.8,60,1
7554,1,2.5,140,3
7559,1,4.4,70,2
7581,1,6,74,3
7593,1,0,95,1
7602,1,4.4,55,3
7607,0,2.5,65,0
7624,1,6.5,100,2
7629,1,4.9,88,2
7648,1,4.5,115,2
7668,1,3,80,3
7671,1,5,63,1
7684,1,4.6,55,2
7685,1,0,110,2
7687,0,4.4,65,2
7748,0,0,28,0
7807,1,10,32,2
7817,1,0,50,3
7846,1,2.5,70,3
7886,1,2.9,21,1
7891,1,4.4,80,2
7905,1,2.5,75,4
7945,0,3.6,55,2
7949,1,17.3,115,1
7954,1,4.4,95,3
8506,1,3.4,37,2
8777,0,4.12,36,3
8939,1,2.7,112,2
8945,1,3.6,50,3
8969,0,3.03,95,3
8974,1,0,43,2
9011,1,4.8,64,1
9018,1,3.4,38,0
9029,1,7.85,55,0
9031,1,0,110,2
9046,1,4.4,81,3
9077,1,3.4,61,4
9084,1,3.3,101,2
9103,1,6.5,85,3
9121,1,6.7,55,1
9134,1,0,60,3
9138,1,4.4,93,3
9156,1,0.11,60,1
9163,1,5.8,62,2
9172,1,5.4,90,2
9178,1,0.1,40,1
9186,1,6,69,3
9202,0,0,90,2
9206,1,0,53,3
9209,1,0,50,2
9212,1,0.1,55,0
9214,1,4.2,60,2
9215,0,0.25,100,0
9219,1,0,29,3
9220,1,5.55,105,3
9227,1,0,65,2
9229,1,9,52,0
9237,1,8,90,3
9245,1,0,65,1
9257,0,2.6,37,3
9267,1,3.4,42,2
9281,1,5,116,0
9286,1,5,50,1
9301,1,5,68,2
9306,1,0,45,1
9312,1,0,28,3
9340,1,3.6,45,1
9400,1,0,59,2
9415,1,0,60,2
9416,1,4.4,42,3
9432,1,0,45,3
9437,0,5,41,3
9451,1,4.5,55,2
9484,1,0,67,2
9548,1,3,75,3
9571,1,2.5,34,1
9572,1,0,45,3
9593,1,0,60,0
9654,1,4.4,35,2
9659,1,4,62,3
9666,1,3.2,55,4
9685,1,3.6,65,4
9761,1,5.05,35,3
9762,0,0.1,40,3
9824,1,4.2,80,2
9826,1,2,20,3
9833,0,0.15,45,1
9911,1,0,65,1
9913,1,20,160,2
9923,1,4.8,36,3
9953,1,0,45,1
9966,1,23,60,2
9994,1,15,85,3
9998,1,4.3,56,2
10009,1,0,62,3
10021,1,0,155,3
10041,1,5,85,1
10048,0,2.5,53,4
10078,1,19.2,95,3
10099,1,2.59,35,4
10128,1,6.8,65,3
10134,1,0,79,2
10176,1,2.5,35,4
10186,1,6,130,1
10187,1,0,44,2
10203,1,6.2,57,1
10208,1,5.8,60,0
10212,1,3.4,20,1
10235,0,3,40,2
10261,0,0,70,1
10269,1,5,60,3
10341,1,1.8,41,3
10365,1,6,65,2
10391,1,2.5,85,4
10434,1,3.2,110,3
10459,1,3.3,98,1
10476,0,0,39,3
10484,1,11.6,133,4
10521,1,2.2,105,2
10535,1,0,80,1
10542,1,0,60,0
10551,1,0,60,3
10586,1,4.4,44,1
10590,1,2.5,59,4
10610,1,2.5,54,3
10611,1,0,68,3
10612,1,5,65,2
10614,1,3,32,2
10615,1,6.6,92,1
10617,1,0,60,3
10625,1,0,65,2
10637,0,6.8,79,2
10651,1,4.4,60,0
10695,1,2.5,25,2
10705,1,2.5,50,4
10751,1,2.5,21,4
10768,1,12.1,94,0
10771,1,6.6,80,3
10779,1,3.6,52,2
11947,1,2.5,118,2
11958,1,3,77,3
13093,1,6.6,78,3
13094,1,0,42,2
13100,1,1.8,30,3
13112,1,2.2,40,0
13113,1,4.5,105,0
13117,1,3,60,3
13139,1,0,117,2
13141,1,5,62,2
13147,1,4.4,97,2
13152,1,6,58,2
13155,1,4.4,70,2
13166,1,0,70,3
13173,1,5,63,1
13176,1,1.5,100,3
13182,1,4.4,64,1
13187,1,0,128,2
13195,1,2.5,90,3
13223,0,4.2,66,2
13247,1,1.25,51,3
13293,1,1.8,41,3
13309,1,4.4,80,1
13326,1,2.5,78,2
13331,0,2.5,25,3
13336,1,4.4,75,1
13343,1,10,36,3
13348,1,2.5,120,4
13358,1,6,51,2
13362,1,4.5,105,2
13363,0,0,72,3
13367,1,3,42,3
13376,1,5,79,2
13393,1,0,51,1
13405,1,6.8,50,0
13435,1,5.6,85,2
13441,1,0,70,2
13443,1,6,35,2
13448,1,3.5,50,3
13455,1,0,80,2
13456,0,10.2,45,0
13463,0,0,46,1
13480,1,2.5,50,4
13489,1,0,55,0
13500,1,2.5,36,4
13513,1,0,80,3
13514,1,2.6,23,2
13561,1,0,90,3
13626,0,2.5,20,3
13637,1,4.4,63,1
13651,1,3.5,50,1
13661,1,6.5,66,1
13664,1,5,61,1
13670,1,6.6,57,2
13686,1,0,60,3
13689,1,6.1,81,2
13697,1,16.7,60,0
13700,1,5,65,1
13701,1,4,80,1
13709,1,6,63,4
13713,1,9.2,49,3
13715,1,0,35,2
13724,1,3.5,50,2
13735,1,2.5,75,2
13743,1,3.6,45,2
13766,1,5,70,1
13772,1,0,59,1
13776,1,6.43,20,2
13780,1,0,39,3
13790,1,5.6,47,4
13797,1,2.7,30,2
13808,1,8,67,2
13819,1,2.5,50,4
13827,0,3.8,90,1
13835,1,3.4,60,1
13836,1,0,58,3
13840,0,7.2,28,0
13846,1,1.25,78,4
13850,1,8.2,99,1
13877,1,0,75,2
13878,1,4.8,50,0
13882,0,4,55,3
13889,1,0,99,1
13908,1,5,80,3
13914,1,2.5,120,4
13950,1,6.8,70,0
13962,0,4.8,61,1
13971,1,2.2,54,3
14002,1,6,60,2
14016,0,4,55,2
14034,1,0,60,3
14041,0,3.6,39,4
14043,1,4.8,25,2
14048,1,5.5,125,2
14116,1,3.7,17,1
14131,1,0,67,3
14147,0,1.25,45,3
14151,1,0,80,2
14179,1,0,103,1
14184,1,12.8,80,1
14187,1,23.8,80,0
14192,0,0,150,2
14195,1,3.3,94,0
14200,1,6,80,2
14203,1,18.5,35,0
14246,1,2.5,55,3
14249,1,2.5,60,4
14260,1,5.8,35,3
14261,0,1.8,54,2
14267,1,0,110,1
14278,1,4,35,1
14288,1,9,45,0
14289,1,0,120,2
14316,1,0,57,3
14331,1,17.5,144,2
14340,1,21.5,120,1
14357,1,7,50,0
14360,1,3.6,50,3
14376,1,15,55,2
14386,1,5,85,3
14388,1,7.6,35,2
14389,1,0,107,3
14404,1,4,64,2
14410,0,10,90,2
14418,1,0,40,3
14468,0,4.2,40,3
14472,1,0,70,2
14477,1,3.5,40,3
14491,1,0,61,2
14497,0,3.3,33,3
14499,1,2.5,33,4
14520,1,5.2,50,2
14528,1,0.1,30,1
14546,1,0.1,30,2
14566,1,5,20,4
14568,1,5.8,41,3
14576,1,0,85,3
14579,1,3,50,2
14588,1,0.04,30,4
14593,0,0.1,30,2
14598,1,3.8,105,4
14601,1,5,49,2
14607,1,5.1,65,3
14622,0,3.6,33,0
14626,1,3.4,53,3
14645,1,8.8,58,3
14647,1,3,35,3
14656,1,0,36,3
14659,1,2.5,35,2
14663,1,0.15,45,2
14664,1,2.5,65,3
14666,1,6.6,104,3
14668,1,2.1,30,3
14669,1,0,27,3
14671,0,0,162,3
14674,1,0.1,30,2
14676,1,2.1,31,3
14678,1,3.6,90,3
14680,1,0,51,2
14684,0,3.03,80,2
14687,0,6.1,40,3
14690,0,3.6,26,1
14696,1,2.1,40,2
14698,1,0,95,1
14699,1,6,55,3
14701,1,0,90,2
14703,0,2.1,40,3
14705,1,4,55,3
14713,0,2,73,3
14714,1,2.5,65,3
14717,1,2.1,40,1
14723,1,0,30,2
14724,1,13.2,92,3
14726,1,3.3,100,2
14728,1,4.8,39,1
14748,0,3.6,45,3
14753,1,7.8,55,3
14761,1,4.6,50,3
14772,1,6,75,3
14780,1,3.6,45,2
14791,1,2.5,103,3
14792,1,4,77,3
14794,1,0,85,2
14804,1,2.5,145,4
14809,1,0.05,42,0
14820,1,2.5,48,3
14840,1,0,46,1
14843,1,0,57,1
14860,1,2,60,2
14880,1,0,56,2
14884,1,4,52,2
14891,1,2.5,22,3
14894,1,5,64,2
14924,1,6,65,3
14927,1,5,80,3
14934,1,3,24,3
14940,0,3.4,50,2
14952,0,0,50,2
14961,1,0,45,1
14966,1,2.5,55,3
14986,0,0,80,1
14991,1,0,29,3
14997,1,12.8,62,1
15002,1,0,56,1
15031,1,2.4,29,1
15043,1,0,94,3
15048,1,6.6,97,1
15076,1,0,45,3
15078,1,3.8,38,3
15079,1,6,61,4
15084,1,0,53,2
15091,0,5,115,1
15117,1,5,60,2
15122,1,0,30,3
15147,1,3.6,41,1
15169,1,2.5,80,3
15171,1,0,53,3
15189,1,5,55,1
15194,1,0,118,2
15197,1,0,100,3
15230,1,20,80,3
15231,0,0,44,3
15233,1,8.8,105,1
15235,1,0,105,4
15236,1,0,90,3
15269,1,5,78,0
15272,1,10,78,2
15278,1,4.4,33,4
15292,1,0.4,68,2
15298,1,5,71,3
15305,1,6,40,2
15308,1,5,65,3
15313,1,2.4,34,1
15321,1,6.8,40,0
15324,1,2.4,36,2
15325,1,0,100,2
15342,1,3.6,50,3
15348,1,3.4,59,3
15349,1,6.1,40,4
15358,1,9,97,2
15361,1,4.6,30,3
15386,1,2.5,80,4
15391,1,0,38,1
15395,1,0,50,4
15402,1,7,65,4
15420,1,10,103,1
15427,0,6,29,0
15432,1,0,76,2
15458,1,3.2,60,3
15468,1,8.1,125,1
15475,0,3,63,1
15480,0,6.5,61,1
15508,1,4.8,20,1
15522,1,0,80,2
15528,1,5,67,2
15539,1,5,65,0
15547,1,4.4,75,0
15549,1,1.8,40,3
15557,1,0,75,1
15567,1,9.53,95,2
15581,0,0,86,3
15596,1,4.4,60,2
15598,1,0,80,0
15618,1,4,71,2
15623,1,4.6,42,3
15631,1,2.5,82,4
15639,1,4.8,25,0
15657,1,0,120,0
15663,1,4.6,90,2
15670,1,4.5,70,1
15678,1,4.4,125,2
15683,1,2.8,88,1
15690,0,2.5,59,4
15718,0,6,45,2
15719,1,0,80,3
15734,1,0,55,2
15755,1,0,85,1
15802,1,3.5,40,3
15806,0,0,180,2
15829,1,0,85,2
15835,1,0,61,3
15839,1,0,85,3
15849,1,2.5,65,4
15862,0,7.2,45,1
15865,1,1.6,40,3
15871,1,3,80,2
15875,1,5.4,77,4
15881,1,3,80,2
15889,1,10,75,3
15903,1,0,75,2
15915,1,6,67,3
15918,1,4.5,100,3
15929,1,0.04,65,2
15930,1,6.8,56,3
15946,1,4.4,65,0
15980,0,8.4,70,3
15995,1,6,40,2
16026,1,2.2,63,1
16056,1,4.4,72,1
16064,0,3.8,53,2
16079,1,0,50,1
16089,1,0,50,3
16113,1,0,40,3
16118,0,0,55,4
16129,1,0,75,1
16157,1,0,62,2
16172,1,2.2,50,2
16189,0,0,37,2
16197,0,8.4,125,1
16202,1,6.6,80,2
16205,1,8.4,55,1
16224,1,2.5,85,3
16234,1,2.5,70,3
16236,1,0,28,4
16248,1,0,45,3
16258,1,0,60,3
16267,1,6,42,1
16269,0,2.5,71,4
16284,1,4.4,46,1
16289,1,0,55,4
16309,0,4.6,55,1
16321,1,3.6,70,1
16323,0,4.4,47,2
16338,1,0,39,4
16341,1,4,37,1
16354,1,0,40,1
16386,1,2.5,54,3
16400,0,4.8,44,3
16416,1,3.4,8,3
16429,1,2.5,51,3
16430,1,0,34,3
16433,1,0,82,3
16434,1,4.8,67,3
16439,1,0,57,2
16445,1,9,75,2
16453,1,5,68,1
16457,1,5,51,2
16463,1,3.6,65,2
16473,1,0,62,3
16474,1,0,90,3
16478,1,4.5,115,3
16515,1,2.5,45,4
16519,1,3.8,72,1
16533,1,3.2,40,1
16538,1,0,95,2
16549,0,2.5,29,4
16558,1,0,57,3
16570,1,5,70,3
16599,1,5.21,102,1
16601,1,1.8,39,4
16602,1,4.6,81,3
16603,1,2.5,75,3
16610,1,0,70,2
16634,1,10.2,33,1
16638,1,3.6,33,4
16646,1,7,50,2
16647,1,16,100,3
16650,1,2.5,77,3
16668,1,6.6,85,3
16699,0,0,45,2
16705,1,0,90,2
16718,1,1.25,35,4
16721,1,8.5,48,3
16724,1,2.5,60,4
16725,1,0,89,2
16761,1,6,50,2
16787,1,2.5,42,3
16794,0,3.2,60,3
16805,1,3.6,48,1
16821,0,7.2,42,2
16824,1,7.2,39,1
16859,1,5.8,87,1
16869,1,3.2,73,0
16892,1,0,65,1
16896,1,5,90,2
16907,1,2.5,62,4
16931,1,2.5,60,2
16958,1,6.6,120,2
16972,1,0,62,2
16977,1,0,55,3
16982,1,3.4,90,3
16986,1,0,27,2
16989,1,4.6,40,2
17002,1,2.5,70,4
17009,1,2.6,65,4
17010,1,0,70,2
17011,1,0,80,4
17019,0,5,45,2
17020,1,2.4,40,3
17030,1,8.8,65,1
17034,1,10,122,3
17043,1,13.2,73,2
17096,1,6.2,77,1
17098,1,0,150,3
17118,1,3,47,3
17120,1,0,80,3
17123,0,1.8,30,3
17131,0,3.2,27,3
17138,1,2.5,104,4
17140,1,5,85,1
17149,1,5.8,42,4
17155,1,2.5,83,3
17161,0,2.5,24,2
17165,1,8,37,3
17169,1,0,85,0
17175,0,2.4,55,3
17198,1,8,77,1
17212,1,2,78,4
17225,0,6,80,1
17241,1,2.5,64,4
17247,1,2.5,55,4
17260,1,2.5,36,3
17297,1,4.6,41,3
17314,1,10,85,2
17346,1,0,98,1
17352,0,2.5,34,4
17372,1,2.5,85,4
17433,1,0,40,3
17439,1,0,37,1
17484,1,12.5,65,0
17502,1,0,65,2
17516,0,3.6,55,1
17542,1,6.6,65,2
17561,1,0,89,3
17575,1,0,68,3
17617,1,0,65,4
17620,0,2.5,40,4
17645,1,10,61,2
17652,1,4.5,64,0
17661,0,6,57,2
17675,1,8.5,88,2
17693,1,6.5,90,1
17697,0,2.5,25,4
17700,1,2.5,56,3
17714,0,0,83,2
17728,1,0,45,0
17730,1,4.5,100,2
17746,1,2.5,95,0
17753,1,2.5,108,4
17756,1,3.4,68,3
17769,1,0,45,2
17773,1,3.6,50,1
17813,1,2.3,44,2
17867,1,0,62,2
17887,1,0,35,3
18176,1,6.4,45,2
18271,1,3.4,75,4
18349,1,0,66,3
18677,1,4.3,56,1
18695,1,2.2,39,2
18700,1,0,55,2
18703,1,3.6,49,3
18718,1,2.5,90,4
18735,1,0,52,2
18749,1,3.6,48,1
18757,1,0,95,2
18821,1,4.4,56,1
18834,1,0,52,1
18838,1,2.5,55,2
18849,1,3.8,56,1
18892,1,2.5,75,4
18954,1,0,20,1
18955,1,0,86,1
19993,1,9,60,0
22435,1,2.1,40,2
160,1,0,38,1
163,1,2.5,83,3
166,1,1.75,35,4
171,1,1.21,52,3
177,1,3.5,50,2
210,1,0,95,4
215,1,0,39,4
228,1,0,53,2
230,1,0,50,3
242,1,0,26,4
253,0,2.9,106,3
269,1,3.5,80,4
602,1,0,74,2
611,0,1.75,54,3
619,1,3.3,95,3
1027,1,5.95,80,2
1061,1,0,41,1
1090,1,0,79,2
1119,1,7,54,2
1134,1,0,23,1
1138,1,3.5,40,3
1173,1,2.34,80,2
1187,1,2.26,28,3
1212,1,3.5,49,4
1219,1,0,55,3
1224,1,6.5,50,3
1244,1,3.5,45,0
1248,1,0,59,3
1252,1,3.5,82,3
1269,1,0,90,3
1275,0,0,42,4
1287,1,0,90,2
1295,1,0,45,0
1301,1,1.5,30,3
1321,1,0,55,3
1351,1,0,80,3
1360,1,2.3,43,3
1363,1,0,76,4
1364,1,12,90,1
1378,1,3,48,4
1414,1,0,33,3
1427,1,3.5,80,4
1429,1,3.5,65,1
1457,1,3.5,76,3
1462,0,0,50,4
1466,1,0,60,4
1497,1,0,67,4
1534,1,5.92,50,2
1551,1,0,85,1
1580,1,1.56,50,4
1581,1,0,40,1
1594,1,0,72,2
1620,0,0,132,4
1681,1,3.8,45,3
1684,1,2.7,70,3
1690,1,3.5,65,3
1700,1,0,55,2
1719,1,0,60,4
1734,1,3,50,2
1749,1,0,68,2
1760,1,5,65,4
1790,0,0,33,3
1834,0,0,36,3
1839,1,0,70,2
1840,1,3.5,95,2
1842,1,4,50,0
1854,1,0,36,2
1857,1,0,48,2
1868,1,0,51,3
1876,1,0,60,1
1898,1,0,95,3
1912,1,2,63,4
1913,1,1.7,40,3
1932,1,4.5,34,3
1954,1,1.75,53,3
1978,1,0,78,2
1993,1,3,28,2
2009,1,0,80,2
2013,1,3.5,70,4
2020,1,1.9,40,3
2024,1,3.6,30,0
2040,1,3,85,4
2063,1,3,59,4
2067,1,3.5,22,2
2076,1,0,27,4
2092,1,0,90,1
2125,0,2.56,22,2
2141,1,0,53,4
2150,1,6,91,1
2158,1,0,82,2
2181,1,0,52,3
2186,1,1.75,52,4
2194,1,0,70,3
2215,1,2.6,63,3
2217,1,0,70,4
2230,0,0,36,4
2234,1,1.75,45,3
2235,1,0,41,3
2249,1,4.1,45,3
2255,1,0,67,4
2256,1,1.75,70,4
2271,1,0,57,3
2277,0,0,75,2
2289,1,2.42,115,4
2319,0,0,70,2
2333,0,0,55,4
2351,1,0,47,4
2355,0,4,50,0
2365,1,1.75,38,4
2425,1,0,65,3
2438,1,2.5,40,3
2443,0,0,55,3
2454,1,0,75,4
2459,1,0,40,3
2468,1,0,65,0
2482,1,2.37,86,4
2494,1,0,37,3
2498,1,4,105,2
2504,1,0,88,3
2511,1,0,50,1
2554,1,0,52,2
2557,1,0,75,0
2569,1,3.5,38,2
2581,1,3.7,61,3
2592,1,0,55,3
2609,1,0,87,3
2625,1,0,105,3
2627,1,0,80,0
2644,1,0,95,3
2679,1,0,37,3
2686,1,0,78,2
2711,1,3.5,48,3
2762,1,0,75,3
2787,1,0,44,3
2798,1,0,50,3
3041,1,0,111,1
3069,1,0,82,2
4261,1,3.5,40,3
4852,1,3.5,35,1
5011,1,3,47,4
5039,1,3.6,48,2
5111,1,0,40,3
5127,0,3.65,23,2
5144,1,0,116,3
5163,0,2.4,60,2
5167,1,0,75,3
5168,1,5.5,100,3
5177,1,3.5,59,3
5182,1,3.5,61,2
5183,1,6,95,2
5187,1,0,175,0
5188,1,5.6,67,1
5191,0,0,98,2
5193,1,8.4,95,0
5207,1,1.75,109,3
5220,1,4,70,2
5228,1,5.8,53,2
5242,1,0,54,4
5246,1,0,140,1
5249,1,0,75,2
5273,1,0,75,2
5275,1,3,65,4
5297,1,3.7,53,1
5315,1,6.12,60,3
5323,1,1.75,34,4
5353,1,0,65,1
5377,1,0,60,0
5392,1,0,32,1
5394,1,6.5,85,3
5404,1,0,95,3
5410,1,7,55,2
5432,0,0,59,2
5437,1,5.49,83,0
5438,1,3.5,70,4
5440,0,0,50,4
5530,1,3.5,70,3
5581,0,3.5,30,4
5584,1,0,33,3
5595,1,1.86,50,4
5624,1,5.2,45,3
5633,1,12.8,150,4
5667,1,5.92,58,1
5674,1,0,45,2
5676,1,0,33,3
5694,1,0,55,2
5705,1,2.3,77,4
5726,1,2.74,55,3
5739,1,3.5,95,2
5748,1,1.74,45,3
5757,1,0,102,2
5768,1,0,65,2
5774,0,3.5,44,2
5829,1,0,70,2
5842,1,0,65,3
5868,1,3.5,31,2
5881,1,5,55,1
5901,1,0,39,2
5932,0,0,62,3
5957,1,0,28,2
5959,1,3.5,69,3
5990,1,0,107,4
5992,1,5.92,95,2
6014,0,0,42,3
6018,1,0,100,2
6024,1,0,35,1
6032,1,0,55,3
6041,1,3.5,105,3
6046,1,3.5,40,3
6055,1,1.3,40,3
6059,1,0,85,3
6063,1,6.47,37,3
6070,1,1.75,48,3
6078,1,0,90,4
6148,1,1.3,31,4
6150,1,7,37,0
6163,1,5,53,1
6194,1,7.8,115,1
6201,1,3.8,90,3
6231,1,6.5,105,3
6235,1,1.75,26,3
6241,0,2,55,3
6259,1,5,110,4
6264,1,3.3,93,4
6268,1,0,58,3
6292,1,3.5,40,3
6295,1,6.7,83,1
6308,1,0,104,4
6313,1,0,48,4
6324,1,0,100,2
6379,1,0,85,3
6390,1,11,65,4
6480,1,5.5,47,1
6485,1,0,80,1
6501,1,0,55,3
6575,0,0,55,3
6606,1,5.92,75,2
6620,1,0,67,2
6658,1,0,125,3
6673,1,11,62,2
6677,1,3.2,60,2
6681,1,3.2,60,2
6693,1,2.8,90,3
6702,1,4.8,46,2
6728,1,0,55,3
6761,1,0,40,2
6795,1,0,135,2
6809,1,0.06,37,3
6820,1,3.8,65,4
6843,1,0,55,3
6848,0,3.5,45,2
6856,1,3.5,75,2
6867,1,3.5,50,2
6870,1,0,95,2
6889,0,3.6,42,3
6890,1,3.5,65,2
6901,1,2.42,22,4
6908,1,2.4,80,3
6931,1,0,30,3
6946,1,5.8,45,3
6954,1,0,90,3
6955,1,3.3,65,4
6960,1,3.5,45,3
7000,1,3.5,43,2
7009,1,6,80,3
7020,1,3.5,47,1
7056,1,0,45,3
7070,0,4,110,1
7076,0,1.75,65,1
7082,1,10,68,1
7093,1,2.42,35,0
7140,1,3.5,41,1
7142,1,3.3,52,3
7168,1,7,70,3
7185,1,7,100,3
7202,1,0,51,3
7221,1,3,54,3
7238,1,0,67,2
7263,1,3.8,50,4
7264,1,3.5,67,2
7275,1,3.5,54,3
7305,1,3.2,92,4
7324,0,0,57,4
7335,1,0,55,3
7341,1,7.5,70,1
7344,1,0,50,4
7366,1,3.5,55,3
7371,1,5.84,58,0
7388,1,0,36,1
7396,1,3.5,42,3
7402,0,1.66,88,4
7410,1,0,57,2
7415,1,5,55,2
7423,0,0,74,2
7428,1,0,80,2
7432,0,3.8,49,2
7436,1,0,64,2
7479,1,0,40,3
7486,1,0,40,2
7499,1,3.5,43,3
7514,1,0,47,4
7536,1,6,141,2
7538,1,0,55,2
7540,1,5,115,4
7560,1,3.5,64,1
7574,1,4.3,50,2
7700,1,3.6,60,1
7732,1,3.5,17,2
7766,1,0,37,4
7768,1,0,90,2
7783,1,0,80,2
7789,0,1.75,40,2
7795,1,5.92,120,0
7828,1,2.42,75,1
7849,1,2.15,42,4
7857,1,5.92,65,1
7879,1,10,43,2
7889,1,5.98,55,0
7898,1,3.5,97,1
7908,1,3.5,53,3
8921,0,0,95,0
8924,1,0,58,2
8928,1,0,125,1
8948,0,2.42,22,1
8949,0,0,55,0
8983,1,0,50,4
9001,1,0,67,2
9005,1,3.5,63,1
9014,0,3.5,46,4
9030,1,0,50,2
9035,1,0,35,2
9037,1,0,52,2
9040,1,3.5,65,1
9043,1,5.92,56,1
9061,1,5.92,48,1
9064,1,0,61,2
9104,1,7,85,2
9124,1,5.5,78,2
9131,1,6,39,3
9133,1,0,48,2
9136,1,0,50,3
9142,1,0,58,2
9150,1,0,20,2
9164,1,0,65,1
9184,1,3.5,89,3
9191,1,3.5,38,2
9217,1,1.75,44,4
9235,1,3.5,44,4
9271,1,6,113,3
9279,1,0,38,3
9285,1,6.5,65,3
9308,1,0,80,1
9315,1,0,65,3
9321,1,0,51,1
9329,1,5.92,100,3
9346,1,0,65,3
9354,1,4,43,0
9364,0,0,68,4
9370,0,0,47,3
9376,1,11.9,85,2
9407,1,0,117,2
9410,1,0,75,3
9411,1,0,90,3
9413,1,4,40,0
9436,1,3.3,105,2
9458,1,4,80,2
9487,1,3.5,36,2
9544,1,0,45,3
9554,1,2.96,112,3
9560,1,0,50,2
9563,0,3.5,96,4
9574,1,15,80,3
9611,1,0,95,1
9614,1,0,75,3
9617,1,3.25,23,2
9627,1,3.25,50,2
9630,1,4,45,2
9636,1,3.5,52,1
9642,1,0,131,3
9648,1,0,70,3
9653,1,3.5,66,2
9672,0,0,60,3
9682,1,0,38,3
9688,1,2.6,31,2
9802,1,1.75,59,3
9831,1,0.1,40,3
9941,0,6,85,1
9947,1,1.75,50,3
9948,1,1.75,50,3
9959,1,8.3,65,3
9960,1,3.5,85,1
9969,0,2.96,99,2
9971,0,2.96,99,2
9983,1,3.5,57,0
9999,1,12.7,90,1
10011,1,3.5,93,3
10029,1,3,28,4
10034,1,5,61,2
10044,1,1.34,111,3
10049,1,2.3,58,3
10051,1,0,28,1
10061,1,3.5,65,3
10065,1,0,72,3
10130,1,3,50,3
10157,1,2.2,25,2
10161,1,5.5,85,2
10164,1,8.88,97,4
10169,1,0,52,3
10200,1,0,34,2
10227,1,5,57,1
10329,1,3.8,95,2
10351,1,0,85,3
10362,1,6.5,75,4
10403,1,0,55,4
10412,1,0,88,4
10414,1,0,100,3
10422,1,0,70,2
10440,1,5.5,8,3
10442,1,0,70,3
10467,1,3.5,27,3
10471,1,1.75,54,2
10497,0,13.5,194,3
10508,1,0,120,4
10533,1,0,50,3
10543,1,7,67,3
10554,1,3.5,70,3
10677,1,2.42,87,2
10693,0,3.2,90,2
10711,1,10,64,2
10712,1,0,125,2
10730,1,3.5,50,1
10741,1,3.5,80,2
10762,1,4,25,1
11943,1,3.8,45,3
11953,1,3.5,37,2
13078,1,0,40,2
13080,1,4.04,39,3
13091,1,6,58,0
13105,1,0,37,3
13114,1,3.6,44,4
13115,1,0,102,0
13121,0,0,50,3
13122,1,7.5,80,2
13124,1,0,55,3
13129,1,0,58,0
13134,1,3.5,45,3
13136,1,3.5,60,1
13140,1,0,60,2
13149,1,4,60,3
13160,1,3.8,37,3
13167,1,0.1,72,0
13181,1,3.27,39,3
13183,1,5,24,2
13190,1,5.12,39,0
13201,1,10,105,3
13209,1,3.5,45,3
13234,1,2.12,42,3
13238,1,0,45,2
13283,1,0,74,2
13284,1,0,40,3
13302,1,3.5,43,1
13310,1,0,75,3
13311,1,0,56,2
13312,0,0,75,0
13328,1,0,75,2
13330,1,3,62,4
13353,1,3.5,45,1
13379,1,0,70,3
13387,1,3,75,4
13390,1,0.05,130,2
13410,1,5.9,110,1
13412,1,5.7,63,2
13418,1,0,59,3
13427,0,0,90,2
13450,1,0,81,4
13475,1,4.2,105,3
13502,1,0,65,2
13517,1,2.96,57,3
13523,1,2.5,38,3
13525,1,6,40,3
13537,1,0,31,2
13563,1,15.4,85,2
13586,1,0,73,1
13591,1,0,70,3
13596,1,3.5,41,3
13601,1,10,62,2
13605,0,2,20,2
13606,1,7,50,3
13612,1,0,115,0
13622,1,0,60,2
13628,1,3.5,99,4
13640,1,3.5,55,2
13653,1,0,41,2
13662,0,3.2,40,1
13666,0,0,57,0
13682,1,0,23,3
13690,0,1.21,35,3
13693,1,0,81,1
13696,1,11,80,1
13698,1,0,70,3
13704,0,3.5,55,2
13707,1,5.92,70,3
13760,0,2.7,50,1
13781,1,0,91,4
13792,0,0,79,2
13794,1,0,43,3
13796,1,5.74,50,1
13801,1,0,60,2
13841,1,3,75,0
13844,1,10,62,4
13864,0,0,55,4
13866,1,0,83,2
13874,1,6.3,45,4
13886,1,0,97,3
13890,1,10.1,95,3
13896,1,2.95,67,4
13913,1,4,38,3
13919,1,0,60,2
13927,1,2.5,65,2
13935,1,0,100,1
13951,1,1,40,2
13955,0,3.5,70,1
13956,1,1.75,57,4
13959,0,3.5,60,3
13960,1,3.5,38,1
13980,1,0.2,70,4
13985,0,2.75,20,1
13990,0,2.44,34,2
13997,1,5.92,45,2
13999,1,0,50,2
14000,1,7,28,2
14022,1,12,57,0
14026,1,10,60,2
14032,1,8,40,2
14042,1,0,63,4
14046,1,0,57,4
14054,1,1.7,70,2
14055,1,7,69,2
14057,0,0,54,3
14062,1,11.5,90,1
14063,0,7,44,2
14070,0,7,44,2
14080,1,3.5,39,4
14089,1,6,120,2
14103,1,0,57,3
14114,1,0,54,0
14123,1,1.75,110,3
14148,1,0,70,2
14157,1,3.2,57,2
14161,1,6,72,3
14198,1,0,44,2
14199,1,0,70,3
14207,1,3.6,68,3
14215,0,2.3,50,1
14234,1,15,70,2
14242,0,0,58,2
14254,1,3.5,45,3
14259,0,0,55,3
14265,1,3.5,59,2
14271,1,3.5,50,1
14272,1,0,35,4
14275,1,0,55,1
14277,1,8,60,3
14281,1,0,72,3
14286,1,0,54,3
14290,1,0,59,2
14291,0,0,38,4
14294,1,0,74,2
14315,1,1.75,70,3
14332,1,0,39,1
14356,1,7,60,0
14366,0,2.96,81,1
14395,1,3.5,40,0
14399,1,0,80,2
14419,1,6,78,1
14421,1,0,40,1
14439,1,0,55,2
14441,1,3.5,70,4
14443,1,3.8,45,4
14452,1,0,46,3
14461,1,6.4,18,3
14463,1,6.5,115,3
14474,1,2.42,35,1
14481,1,0,68,3
14485,1,7,50,2
14486,1,0,65,3
14517,1,3.3,45,3
14534,1,3,43,4
14537,1,0,37,2
14558,1,2.42,70,2
14564,1,3.5,55,3
14570,1,5.54,64,1
14572,1,0,50,3
14591,1,3.5,48,1
14599,0,0,37,4
14602,1,0,60,1
14604,1,7.2,65,0
14609,1,1.75,49,3
14612,1,12.4,33,2
14618,0,2,89,2
14619,1,3.5,63,0
14625,1,5.72,44,2
14646,1,0,62,1
14653,0,0,56,2
14657,1,6,65,3
14661,0,1.75,25,3
14675,1,1.5,55,3
14681,1,7,66,3
14710,1,6,50,1
14737,1,3,66,3
14765,1,2.86,60,3
14776,1,0,27,3
14781,1,3.5,42,0
14790,1,0,61,3
14796,1,3.5,40,3
14800,1,0,79,2
14807,1,5.96,64,2
14808,0,3.5,44,4
14824,1,3.5,55,2
14827,1,0,89,2
14832,1,0,85,2
14836,1,0,24,1
14854,1,0,42,4
14869,0,0,42,3
14876,1,3.5,80,0
14879,1,7,85,1
14889,0,5.5,64,3
14908,1,5,40,2
14914,1,5.92,62,1
14919,1,1.75,55,4
14920,0,0,70,2
14921,1,3.7,50,2
14933,1,4,35,2
14962,1,2.42,43,1
14963,1,0,38,1
15007,1,8,75,2
15010,1,0,40,2
15019,1,3.5,65,2
15039,1,5,45,3
15058,1,3.5,30,2
15059,0,1.21,65,3
15065,1,5,44,1
15066,0,0,110,4
15095,1,0,38,1
15115,1,0,58,3
15123,1,3.5,46,1
15161,1,0,109,3
15183,1,5.94,115,1
15200,1,3.6,80,2
15201,1,6,90,2
15203,1,0,14,2
15210,1,3.3,95,3
15241,1,3.5,49,2
15242,1,2.5,95,2
15244,1,0,87,1
15275,1,0,43,2
15276,1,2,100,3
15286,1,5.7,56,2
15291,1,0,115,2
15296,1,2.96,85,3
15306,1,3.5,40,2
15310,1,0,90,3
15332,1,0,65,3
15339,1,6,62,2
15341,1,6.9,70,3
15344,1,3.5,35,3
15345,0,0,40,2
15354,1,3.6,46,1
15374,1,0,75,1
15381,1,0,35,0
15393,1,12,125,0
15437,1,0,49,2
15451,1,3.35,60,1
15452,1,3.4,16,2
15462,1,1.75,51,4
15464,1,7,57,2
15467,1,11,90,3
15482,1,4,20,1
15495,1,0,73,3
15498,1,0,45,4
15524,1,6.7,60,4
15532,1,0,33,3
15554,1,0,53,1
15566,1,0,73,3
15570,0,3.5,60,4
15579,1,0,78,3
15605,0,3.5,57,2
15638,1,0,95,2
15667,0,1.9,75,2
15720,1,2,104,3
15721,1,0,61,2
15722,1,0,45,3
15727,1,0,60,2
15732,1,0,64,1
15735,1,1.75,45,2
15760,1,0,40,4
15766,1,3.5,37,1
15784,1,0,110,1
15793,1,4.2,55,2
15817,1,0,71,3
15820,1,7,47,2
15843,1,3.5,20,3
15855,1,3.3,62,4
15858,0,0,55,1
15873,0,1.6,63,4
15887,0,0,33,3
15900,1,3.5,60,2
15902,1,1.75,82,3
15910,1,1.75,33,2
15917,1,3.5,50,2
15923,1,0,103,3
15928,1,0,41,4
15931,1,3.5,48,3
15962,1,0,58,3
15963,1,3.5,28,2
15983,1,9,115,3
16004,1,0,100,4
16009,0,5,99,2
16012,0,3.5,60,2
16014,0,3.5,37,4
16027,0,0,55,3
16028,1,2.76,45,2
16041,1,1,96,2
16050,1,0,36,3
16052,1,3.4,73,2
16054,1,6,120,2
16059,1,0,56,3
16065,1,6,85,1
16066,1,0,88,2
16069,1,8,100,1
16075,1,3.7,50,2
16087,1,0,30,1
16088,1,0,107,2
16097,1,0,41,0
16100,1,0,102,0
16101,1,0,50,1
16108,1,3.58,21,0
16131,1,0,65,3
16135,1,3.2,85,3
16148,1,3.25,39,0
16155,1,8.75,59,4
16156,1,3.8,65,1
16166,1,3.5,50,4
16178,1,0,80,0
16185,1,0,30,2
16188,1,0,41,3
16191,1,0,38,3
16193,0,6.3,71,2
16198,1,0,64,4
16206,1,0,42,2
16211,1,0,55,1
16239,1,7,93,1
16257,1,3.3,60,4
16278,1,6,60,2
16306,1,4,93,0
16348,1,0,85,1
16350,0,0,32,4
16365,0,3.5,90,1
16368,1,0,85,3
16371,1,0,79,2
16390,1,0,57,2
16417,1,10.5,90,0
16461,0,1.75,42,3
16468,1,2.3,95,3
16469,1,10,76,3
16471,1,0,45,3
16476,1,0,61,3
16479,1,0,30,2
16485,1,8.1,85,1
16497,1,6,70,2
16501,1,0,41,0
16512,1,3,75,3
16513,1,0,46,1
16525,0,0,43,2
16528,0,11,52,1
16543,0,0,60,2
16565,1,0,80,2
16566,1,3.5,44,1
16572,1,10,97,2
16579,1,0,55,2
16614,1,2.44,22,2
16617,1,0,30,2
16627,1,5.2,95,2
16643,1,3,70,3
16644,1,5,60,2
16648,1,3.6,105,4
16659,1,6,40,2
16660,0,3.5,34,1
16677,1,0,77,4
16695,1,4,66,4
16701,1,0,61,2
16713,1,0,39,3
16772,1,0,50,3
16785,1,3.5,110,3
16790,1,3.5,60,2
16802,1,3.5,45,3
16804,1,3.3,45,3
16815,0,3.5,16,1
16832,1,0,130,2
16844,1,5.5,97,3
16847,1,5.6,90,1
16849,1,0,39,2
16855,1,0,100,3
16858,1,3.4,55,1
16873,1,2.2,21,3
16886,1,0,70,2
16900,1,0,110,1
16905,1,0,90,2
16916,1,0,93,2
16929,0,0,85,1
16962,1,0,57,4
16964,1,3.5,41,4
16966,1,0,55,2
16974,1,3.5,115,2
16996,0,0,43,1
17007,1,5.75,59,3
17016,1,0,55,2
17021,1,0,133,1
17035,1,1.75,130,3
17037,1,3.5,95,3
17038,1,3.8,50,0
17047,1,3.5,48,2
17058,1,0,85,3
17063,1,3.5,98,2
17066,1,1.96,60,3
17081,0,4,45,0
17082,1,0,84,1
17087,1,5.92,91,4
17108,1,0,55,2
17112,1,3.6,30,4
17121,1,3.5,50,3
17126,1,0,31,3
17129,1,0,85,3
17150,1,0,80,3
17151,1,0,86,2
17158,1,5.92,56,4
17168,1,5.5,53,0
17176,1,0,105,1
17181,1,3.5,65,3
17182,1,0,92,2
17184,0,2.49,65,2
17189,1,0,92,3
17240,1,0,118,3
17261,1,3.7,36,3
17279,1,3,100,1
17306,1,3.1,45,2
17327,1,3.7,105,4
17339,1,3.05,75,2
17345,1,0,87,0
17378,1,3.5,41,2
17388,0,20,80,0
17409,1,1.4,70,4
17418,1,0,50,3
17455,1,0,148,2
17459,0,1.65,75,4
17468,1,6,70,1
17474,1,12,105,1
17490,1,1.75,47,1
17495,1,0,42,4
17498,1,0,78,2
17507,1,0,55,2
17511,1,0,63,3
17513,1,0,80,2
17526,1,0,90,1
17529,0,0,59,0
17550,1,7.6,43,2
17553,1,0,57,3
17591,0,0,43,2
17603,1,3.8,42,4
17610,1,3.5,45,1
17629,1,3.5,75,3
17655,1,5,92,2
17656,1,3.5,65,2
17670,1,3.5,111,1
17671,1,0,66,3
17676,0,7,68,1
17690,1,0,36,2
17703,1,3.5,45,2
17705,1,5,46,3
17712,1,4,75,2
17720,1,0,79,2
17731,1,3.5,49,2
17736,1,0,45,2
17743,1,7,55,3
17768,1,0,67,2
17810,1,3.5,35,2
17855,1,0,33,2
17918,1,1.4,25,1
18362,1,4,45,2
18665,1,0,57,2
18668,1,3.48,20,3
18680,1,0,38,3
18686,1,6,55,3
18694,1,0,54,3
18723,1,7,75,0
18726,1,0,44,2
18753,1,0,60,2
18763,1,0,90,4
18804,1,0,100,3
18809,1,0,85,2
18816,1,0,75,1
18830,1,0,48,2
18846,0,8,60,0
18854,1,3.5,65,4
18858,0,0,37,3
18860,1,0,56,2
18871,1,0,87,1
18874,1,3.25,52,3
18977,1,5,80,3
19526,1,0,130,2
19970,1,2.5,33,4
19984,1,0,50,2
19992,1,0,100,2
187,0,0,60,0
201,1,5.84,69,0
204,1,0,80,3
276,1,3.18,32,1
306,1,0,52,2
642,1,0,50,2
717,1,0,120,4
1067,1,3.7,45,3
1071,0,4.8,27,3
1146,1,6,55,3
1162,1,2.25,95,4
1191,1,0,100,4
1266,1,5.8,88,1
1271,1,1.5,25,3
1285,1,0,75,4
1290,1,3,65,3
1304,1,16,59,0
1330,1,0,35,2
1332,1,0,62,4
1368,1,2.93,105,4
1389,1,0,85,3
1398,1,5.11,55,0
1460,1,4.5,83,3
1464,1,4.25,38,2
1469,1,0,34,3
1511,1,0,41,3
1514,1,3.85,49,2
1519,1,0,84,3
1558,1,3.9,50,2
1569,1,3.23,33,1
1628,1,0,50,3
1668,1,3.08,42,3
1677,0,0,45,3
1692,1,1.8,55,3
1712,1,7.45,90,0
1714,1,0,55,2
1753,1,0,35,3
1754,1,0,60,3
1757,1,3,56,1
1767,1,0,100,4
1822,1,2.5,43,4
1895,1,16,70,0
1923,1,0,62,3
1944,1,0,33,3
1973,0,6.55,73,0
1979,1,7.25,109,3
1982,1,2.68,40,3
1983,0,0,50,3
2011,1,2.5,56,3
2012,1,0,42,2
2016,1,0,80,3
2018,1,2.4,70,2
2030,1,0,65,3
2036,1,0,70,4
2048,1,3.8,73,2
2056,0,3.8,70,2
2140,1,0,51,2
2169,1,3.85,55,1
2242,1,6.55,71,3
2248,0,0,65,3
2253,1,0,50,3
2259,1,0,65,3
2291,1,0,110,4
2294,0,1.49,30,4
2305,1,11.4,115,3
2308,1,5.13,122,1
2396,1,0,48,3
2411,1,0,80,2
2426,1,0,35,2
2455,1,0,64,3
2508,1,2.6,27,1
2518,1,0,31,3
2529,1,0,50,3
2562,1,3.9,27,0
2611,1,3.9,67,1
2648,1,0,8,3
2665,1,0,52,4
2666,1,0,19,3
2701,1,4.5,50,3
2741,1,1.76,120,4
2750,1,3.85,45,3
2791,1,5.13,52,2
5009,1,0,50,4
5028,0,3.65,21,1
5107,1,5.25,92,3
5115,1,0,85,1
5130,1,1.64,77,4
5165,1,0,16,1
5209,0,3.8,40,3
5238,1,16,143,2
5244,1,2.4,64,4
5264,1,0,70,1
5265,1,2.6,110,3
5321,1,0,22,3
5359,1,3.5,63,3
5388,1,2.8,40,4
5389,1,5,60,3
5412,1,0,45,3
5441,1,0,40,2
5464,1,5.6,49,0
5550,1,2.8,55,4
5577,1,1.22,31,4
5589,1,20,130,2
5602,1,3.2,98,2
5615,1,0,45,2
5653,1,0,115,2
5668,0,0,80,3
5743,1,6.7,52,4
5779,1,19,100,2
5798,1,6.5,60,1
5833,1,0,80,2
5851,1,11.95,35,4
5852,1,0,60,2
5878,1,2,70,3
5910,1,12.8,70,3
5917,1,0,82,2
5923,1,0,80,4
6054,1,0,140,2
6109,1,0,60,1
6171,1,0,80,2
6172,1,0,57,3
6302,1,3.28,54,2
6320,1,0,41,3
6328,1,1.93,75,1
6395,1,0,90,3
6428,1,0,126,3
6491,1,3.85,60,2
6525,1,0,70,3
6540,1,0,77,4
6599,1,10,100,3
6689,1,1.54,52,4
6691,1,2.5,31,1
6713,1,6,130,3
6723,1,3.8,90,3
6783,0,0,105,4
6789,1,7.5,85,3
6799,1,3.95,167,3
6804,1,0,80,3
6932,1,0,95,2
6951,1,8,67,4
6979,1,1.28,24,4
6996,1,5.13,65,2
7021,1,3.75,75,1
7023,1,2.75,80,4
7037,1,3.55,60,3
7120,0,1.64,55,3
7137,1,0,58,3
7144,1,5.8,131,1
7151,1,8.6,150,2
7250,1,0,85,3
7278,0,0,41,3
7300,1,3.2,50,1
7316,1,15,135,3
7330,1,2.95,34,3
7337,1,0,115,3
7340,1,0,30,3
7356,1,10,85,2
7441,1,2.8,22,2
7447,1,5,65,1
7483,1,5,57,2
7501,1,0,105,3
7548,1,0,40,3
7715,1,1.76,67,4
7827,1,3,60,1
7897,1,2.7,46,2
7915,1,0,70,1
7950,1,7.5,62,2
8147,1,0,25,3
8155,1,3.25,37,0
8168,1,5.7,97,2
8197,1,0,37,1
8233,1,0,65,1
8248,1,0,49,4
8260,1,4.65,59,1
8271,1,0,46,4
8275,1,5.8,76,1
8286,0,2,31,3
8297,1,0,65,2
8300,1,3.5,50,2
8314,1,3.84,42,1
8322,1,0,70,1
8331,1,3.5,43,3
8338,1,0,58,2
8343,1,0,40,2
8367,1,0,72,1
8390,0,3.08,33,2
8391,1,7.5,75,1
8409,1,5,70,2
8412,1,0,46,3
8417,1,3.85,52,3
8418,1,3.5,70,3
8450,1,5,95,2
8466,1,11.2,105,3
8469,1,1.63,14,0
8477,0,2.63,42,1
8606,1,4,50,3
8608,1,16.7,95,2
8623,1,3.75,50,1
8633,1,11.82,105,1
8643,1,3.5,70,1
8647,1,0,135,3
8666,0,2.65,130,0
8670,1,0,95,2
8720,1,0,35,4
8742,0,4.5,58,2
8747,1,22.7,109,3
8755,1,0,120,2
8767,1,4,46,2
8771,1,0,94,1
8774,1,0,52,4
8785,1,0,38,3
8788,1,5,22,3
8802,1,5.3,55,3
8815,1,8,85,2
8825,1,4.25,47,3
8841,1,6.5,95,0
8860,0,8.5,90,2
8864,0,4.18,44,2
8876,1,0,68,3
8878,1,6,80,0
8879,1,7.6,120,4
8885,1,21,100,3
8889,1,4.2,65,4
8896,1,1.83,30,3
8914,1,4.5,40,2
8963,0,3.08,38,1
8970,1,0,85,4
8972,1,0,45,2
9017,1,0,25,3
9042,1,3.45,50,3
9170,0,0,97,2
9420,1,3,45,3
9491,1,4.9,80,3
9494,1,0,45,1
9505,1,7.12,70,1
9513,1,0,37,1
9517,0,3.65,72,3
9523,1,3.7,38,2
9588,1,2.9,23,2
9613,1,6.3,64,3
9624,1,5,75,3
9634,1,1.5,50,2
9702,1,0,65,4
9706,1,12,90,1
9750,1,6,90,4
9812,1,0,140,3
9836,1,4,45,1
9880,1,4.5,65,3
9882,1,3.9,50,3
9885,1,2.45,90,3
9886,1,0,92,1
9896,1,3.44,43,3
9967,1,3.85,45,2
10001,1,5.13,51,1
10010,0,1.95,35,1
10022,1,0,65,4
10025,1,0,79,2
10135,1,0,56,3
10182,1,5,60,1
10198,1,4.77,73,0
10317,1,0,60,4
10338,1,0,48,2
10548,1,0,110,3
10650,1,5,121,3
10753,1,21,100,2
10805,1,13.5,85,1
10815,1,4,70,1
10826,1,5,55,2
10834,1,3.75,39,1
10841,1,4,35,2
10851,1,1.93,30,1
10852,1,3.1,31,3
10865,1,3.65,55,0
10890,1,8,62,2
10953,1,5.13,80,1
10955,1,3.5,46,1
10961,1,5.98,80,2
10964,1,8,50,1
11017,1,5.13,46,0
11040,1,4.75,85,2
11053,1,3.24,45,1
11067,1,0,45,2
11095,1,4.8,145,2
11125,1,0,120,2
11136,1,4.55,72,1
11149,0,2.82,29,2
11198,1,3.85,31,2
11202,1,4.8,80,1
11205,0,3,55,0
11966,1,4.68,60,0
11996,0,0,60,1
12010,0,1.93,45,2
12012,1,5.8,75,0
12023,1,3.9,51,1
12041,1,5.13,67,0
12060,1,3.85,115,3
12068,1,3,45,1
12105,1,0,75,0
12115,1,0,42,2
12139,1,0,52,1
12145,1,5.85,72,2
12169,1,20,65,0
12187,0,0,90,3
12192,1,4.8,45,2
12200,1,8,185,3
13007,1,0,89,2
13009,1,4.5,105,2
13015,1,0,65,1
13016,1,2.92,85,2
13028,1,4,40,0
13034,1,5.4,48,3
13038,0,4.11,73,2
13051,1,0,90,2
13056,1,0,58,2
13067,0,4.57,31,1
13319,1,7.4,45,1
13414,1,4,55,1
13493,1,12.5,98,4
13507,0,4,50,0
13526,1,3.5,47,3
13535,1,0,75,3
13543,1,4,110,3
13550,1,0,92,3
13621,0,0,70,3
13623,1,0,77,4
13680,1,4.8,48,0
13763,1,0,60,4
13789,1,0,85,1
13862,1,3,50,2
13911,0,0,40,3
13974,1,0,35,2
14091,0,3.85,36,2
14140,1,4.56,55,1
14268,1,0,79,3
14384,1,0,86,1
14459,0,4.5,80,2
14573,1,0,75,2
14584,0,1.4,22,3
14654,1,0,69,3
14655,1,3.5,135,2
14658,1,2.5,27,3
14937,0,2.87,122,4
14999,1,5.13,65,3
15106,1,0,55,2
15238,1,0,70,3
15372,1,7.5,83,2
15397,1,26,75,1
15461,1,6.55,83,1
15800,1,3.65,50,3
16099,1,0,65,3
16192,1,3.6,65,2
16266,1,4.65,37,1
16414,1,1.64,82,4
16422,1,5.13,65,1
16462,1,8.45,90,3
16492,1,7.95,85,3
16503,1,16,52,0
16509,1,0,150,1
16517,1,4.36,55,2
16540,0,0,110,2
16686,1,4.8,50,1
16767,0,3.2,60,2
16836,1,4.56,69,3
16903,0,1.5,32,2
16967,1,1.83,28,1
17022,1,0,27,3
17092,1,0,55,2
17191,1,7.12,67,1
17227,1,0,53,3
17231,1,4.78,65,2
17262,1,5.13,44,1
17288,1,5.13,45,3
17312,1,3.4,50,3
17320,1,0,123,2
17353,1,4.56,45,1
17387,1,1.54,54,3
17438,1,6.2,140,3
17505,1,5.17,61,3
17523,1,8.4,68,1
17585,0,2.4,32,1
17618,1,3.44,53,1
17738,1,3,37,1
17755,1,0,45,2
17764,1,0,60,1
17784,1,0,85,4
17797,1,7.18,66,2
17814,1,6.4,50,2
17830,1,4.56,53,0
17856,1,6,81,3
17888,1,0,85,1
17900,1,3.25,35,1
17901,1,7.69,70,0
17903,1,1.93,68,2
17922,1,1.93,34,3
17958,1,0,44,3
17975,1,3.85,106,3
17977,1,1.04,35,2
17997,1,5.13,78,1
18017,1,0,120,2
18064,1,4.7,60,1
18245,1,0,60,2
18285,1,5.2,115,3
18382,1,0,131,3
18385,1,0,59,3
18389,1,1.9,50,3
18393,1,0,40,3
18404,1,1.79,69,4
18434,1,3.28,70,3
18436,1,4,23,1
18667,1,7,87,3
18697,1,8.6,80,3
18810,1,2.2,45,3
18850,0,2.63,35,2
18888,1,0,87,4
18918,0,0,78,1
18978,1,0,60,3
19535,1,0,55,3
19539,1,4,52,1
19565,1,1.38,50,3
19599,1,3.2,95,3
19613,1,3.58,64,3
19615,1,0,59,4
19628,1,20.3,70,0
19985,1,3,50,2
19991,1,0,75,1
629,1,0,38,3
712,1,3.5,65,1
1145,1,0,3,2
1175,1,0,90,2
1190,1,0,70,2
1249,1,1.3,40,2
1253,1,0,79,4
1264,1,0,105,4
1307,0,3.19,35,1
1565,0,0.84,62,3
1658,1,0,65,3
1671,1,3.9,75,3
1674,1,0,55,4
1702,1,0,45,3
1704,0,0,65,4
1751,1,0,53,3
1766,1,2.5,52,4
1788,1,0,70,4
1992,1,0,58,4
1995,1,0,65,4
2014,1,1.57,53,4
5012,1,0,90,4
5134,1,6.5,100,1
5284,1,0,95,3
5296,1,0,70,2
5299,0,1.74,30,3
5328,1,3.9,90,1
5366,1,0,90,3
5381,0,1.5,75,2
5548,1,0,155,3
5570,1,4.9,65,0
5809,1,25,115,3
5832,1,0,65,3
6017,1,3.2,64,4
6075,1,0,57,4
6087,1,0,64,3
6110,1,0,85,2
6149,1,8,100,2
6514,1,0,30,4
6526,1,0,45,2
6859,1,3.8,63,2
6940,1,1.57,26,3
6992,1,0,45,3
7001,1,1.5,120,3
7010,1,2.5,50,3
7075,0,0,70,2
7229,1,4.5,85,4
7285,1,0,4,4
7434,1,1.3,145,4
7504,1,1.1,90,4
7557,1,7.9,95,2
7579,1,3,45,3
7626,0,0.84,47,4
7911,1,9.95,107,3
7931,1,0,73,3
8140,1,3.19,109,2
8158,0,0,80,2
8166,1,4,50,3
8189,1,3.19,60,3
8212,1,1.5,35,3
8218,1,3,50,3
8269,1,7.9,110,2
8270,1,3.12,69,3
8278,0,1.8,90,3
8289,1,0,65,3
8290,1,0,95,3
8324,1,0,85,3
8354,1,0,95,3
8358,1,2.5,60,3
8359,1,4.7,60,3
8370,1,4.9,50,1
8387,1,4.8,82,2
8403,1,2.4,60,2
8424,1,0,63,3
8443,1,0,32,3
8475,1,0.84,60,4
8483,1,0,105,2
8509,0,0,120,3
8516,1,1.3,52,3
8565,1,0,78,2
8569,0,0.85,34,3
8593,1,0,77,3
8605,0,0,57,3
8617,0,0.84,43,3
8618,1,3.2,46,2
8695,1,0,45,2
8780,1,0.84,70,4
8819,1,0,70,3
8822,1,0,80,4
8836,1,1.3,54,4
8847,1,4.9,50,0
8874,1,0,82,3
8907,1,3,53,2
8911,0,1.57,20,3
9152,1,3.6,63,3
9435,1,0,80,3
9447,0,1.57,45,2
9525,1,1.4,70,3
9557,1,3.9,88,2
9565,1,3.09,88,2
9589,1,3.09,88,2
9658,1,4.2,24,0
9692,1,0,50,2
9695,1,3.9,68,2
9749,1,3.9,67,3
9795,1,0,57,2
9797,1,4.5,55,2
9830,1,0.87,111,3
9842,1,2.75,60,3
9895,1,7.9,115,3
9905,1,0,50,2
9924,0,1.3,105,4
9992,1,0,70,3
9996,1,0,73,3
10112,1,4.9,90,2
10179,1,2.5,61,0
10449,1,3.19,94,3
10770,1,4.5,35,2
10914,1,0,60,2
11000,0,3.15,30,3
11096,1,4.9,95,0
11103,1,0,165,2
11133,0,0.89,85,3
11977,1,3,85,3
12104,1,1.7,70,2
12128,1,4.2,75,2
12130,1,0.03,55,3
12143,1,2.4,37,0
12144,0,3.15,30,3
12152,0,1.57,37,3
12153,0,2,100,3
13041,1,3.5,50,2
13070,0,0,53,3
13198,0,1.3,38,3
13257,1,0,77,2
13281,1,1.57,88,4
13291,1,4,46,2
13433,1,6.2,33,2
13473,1,4,130,4
13830,1,7.8,89,2
13883,1,0,77,3
13921,1,0,70,3
13965,1,0,65,2
14025,0,3.2,44,2
14139,1,1.67,48,2
14333,0,1.5,110,3
14458,1,4.8,58,3
14722,1,1.5,45,3
14838,0,1.3,120,2
15015,1,5.2,70,1
15373,1,0,61,2
15610,1,0,67,3
15615,1,3.19,60,2
15636,1,4.2,60,1
15788,0,5,70,2
15804,1,0,33,3
16133,1,5,90,0
16327,1,2.3,41,4
16495,1,4.65,85,2
16508,1,2.8,90,3
16535,1,4.4,45,3
16554,1,0,60,2
16657,1,0,50,2
16702,1,0,152,3
16758,0,0,70,2
16971,1,9.1,95,3
17024,1,2.5,50,4
17045,0,2.5,67,2
17243,1,3.9,70,2
17310,1,0,50,2
17486,1,4.9,53,2
17536,1,0,40,4
17796,1,0,60,4
17850,1,4.9,63,1
17853,1,2.5,30,2
17860,1,0,30,3
17893,0,1.3,65,2
17898,1,0,80,2
18139,1,2.5,105,2
18278,1,3,45,4
18318,1,3.79,65,2
18764,1,0,40,3
18776,0,0,55,3
18805,1,1.57,85,3
18861,0,4,50,2
18900,1,0,70,3
18951,1,3,45,3
18953,0,0,45,2
20016,1,0,55,3
20028,1,1.75,65,3
20037,0,0.84,50,4
20040,1,0,67,3
20046,1,2,58,2
20130,1,0,63,3
20149,1,0,55,4
20175,0,5.05,27,4
20197,1,0,90,3
20305,1,1.9,72,3
20459,1,0,55,2
20490,1,4.8,60,2
20560,1,0,66,3
20577,1,0,120,4
20588,1,0,70,2
20653,0,2.4,95,3
20960,1,0,75,4
20967,1,1.7,40,3
20981,1,1.7,36,4
20990,1,0,55,4
21017,1,3.7,44,1
21019,1,1.83,65,2
21065,0,1.5,100,4
21184,1,1.05,25,2
21208,1,5,60,3
21221,1,3.7,45,2
21641,1,0,62,3
21791,1,1.5,33,3
22384,0,4.9,55,2
22387,1,5.2,47,2
22393,1,1.75,45,3
22397,1,4.9,75,2
22398,1,0,40,3
22465,1,0,100,2
115,1,0,43,4
120,1,0,28,4
138,1,2.5,50,3
152,1,0,37,4
425,1,3,36,3
612,1,0,32,4
1006,1,2.3,24,2
1007,1,0,35,2
1019,1,2.31,32,2
1044,1,4,30,2
1069,1,4,42,1
1107,1,0,87,4
1110,1,5.2,33,2
1116,1,0,50,0
1143,1,0,50,4
1158,1,0,50,2
1165,1,0,22,4
1184,0,0,50,2
1211,0,0,85,4
1220,1,0,55,3
1235,1,3.95,143,1
1277,0,0,33,3
1292,1,0,53,4
1322,1,1.4,38,3
1383,1,0,52,4
1428,0,0.95,63,4
1434,1,0.83,42,3
1449,1,0,120,3
1470,1,0,35,3
1487,1,2,55,4
1553,1,1.75,46,4
1604,1,0,113,4
1630,1,0,67,4
1745,1,0.8,45,4
1832,1,0,23,3
1911,1,0,20,4
1964,1,0,55,4
2042,0,0,80,2
2071,1,2.7,50,3
2136,1,3.5,30,3
2200,1,0,24,3
2250,1,0,40,1
2267,1,1.2,37,3
2290,1,2.3,34,3
2347,1,2.03,24,3
2404,1,4,30,1
2430,1,0,85,3
2437,1,0,48,2
2535,1,4.95,60,4
2584,1,0,45,4
2605,0,0,37,4
2715,1,0,83,4
2785,1,3.2,45,4
3059,1,0,77,4
5037,1,2,68,3
5142,1,1.2,41,3
5153,1,1.2,41,3
5280,1,4,65,3
5302,1,2,30,3
5355,0,0,40,2
5455,1,0,60,4
5481,0,2.1,23,3
5561,0,0,25,4
5566,1,2,77,4
5594,1,4,35,1
5632,1,0,78,4
5675,0,0,68,3
5721,1,1.7,50,1
5787,1,4.1,55,3
5791,1,1.3,31,4
5824,1,0,73,3
5860,1,0,105,4
5919,1,2.05,39,2
5926,1,2.8,65,3
5940,1,2.5,37,3
5949,1,2.03,40,3
5953,1,0,42,1
5962,1,1.95,43,3
5964,0,2,32,3
6000,1,0,77,4
6005,1,0,32,4
6193,1,0,60,2
6278,1,6,115,0
6284,1,0,40,4
6291,1,0,55,4
6338,1,0.68,29,3
6378,1,2.5,60,2
6388,1,0.94,38,4
6397,1,0.9,41,3
6469,1,1.96,75,3
6586,1,0,100,2
6633,1,3,40,4
6652,1,0,52,4
6787,1,5.6,69,0
6846,1,4.5,48,1
6887,1,11,32,4
6923,1,0.8,18,4
6950,1,0,26,3
7004,1,0,42,3
7038,1,0,75,4
7074,1,3,59,3
7147,1,3.5,60,2
7166,1,0,72,3
7365,1,2.4,100,3
7424,0,8.4,90,2
7445,0,0.6,45,2
7466,1,3,85,3
7475,1,0,65,1
7657,1,7,70,2
7712,1,0,85,4
7722,1,1.2,14,4
7762,1,14.2,118,2
7775,0,4,97,2
7799,1,0,85,4
7882,1,3,60,4
7884,1,3.5,40,3
7912,1,0,45,3
7938,1,4,57,3
7951,1,3.2,77,4
8114,1,0,37,2
8136,1,0,52,3
8148,1,1.48,40,1
8167,0,0,42,3
8201,1,0.9,55,4
8205,1,1.43,45,4
8221,1,3,32,2
8225,1,0,34,3
8277,1,2.3,23,4
8294,1,2.7,32,2
8298,1,0,55,3
8308,1,1.1,35,4
8310,1,0,59,3
8319,1,0.12,66,2
8335,1,0,25,1
8345,1,5.33,88,3
8389,1,0,47,3
8399,1,2.6,50,3
8406,1,0,75,3
8421,1,0.85,82,4
8433,1,1.6,30,3
8438,0,0.6,30,2
8485,1,0,35,4
8492,1,2.3,45,2
8505,1,4.3,47,0
8508,1,4.4,52,1
8528,1,1.31,17,0
8533,1,3.6,58,3
8547,0,1.2,46,4
8568,0,3.2,48,3
8578,0,4.35,50,2
8611,1,0,40,4
8615,1,2.03,45,3
8616,1,4.5,67,4
8641,1,0,44,4
8653,1,0,26,3
8656,1,1.6,55,3
8664,1,4.45,102,0
8671,1,0,60,4
8691,1,0,27,3
8694,0,0,45,4
8734,1,2,36,3
8737,1,5,55,3
8738,1,0,50,4
8798,1,0,66,2
8808,1,5,78,2
8840,1,0,65,3
8844,0,1.3,45,3
8869,1,3,45,1
8992,1,0,70,3
9114,1,4,35,1
9177,1,0,60,4
9194,1,4,66,3
9213,1,2.5,40,4
9230,0,2.72,40,4
9433,1,3.4,60,2
9526,1,9,43,3
9540,1,4.35,80,3
9592,1,0.8,75,2
9725,1,3,38,3
9731,1,7.8,86,3
9743,0,3.8,95,3
9755,1,1.7,31,3
9764,1,3.5,80,4
9771,0,9.8,60,1
9772,1,4.5,70,2
9783,1,3.75,70,4
9806,1,2.4,26,3
9814,1,0,80,3
9815,1,0,33,3
9848,1,7.2,51,3
9850,1,1.6,53,4
9904,1,3.6,50,3
9912,1,4.35,59,2
9937,0,1.35,34,1
10038,1,0,160,2
10060,1,9,63,3
10272,1,0,80,4
10307,1,0,33,2
10361,1,0,24,3
10478,1,10.5,80,3
10580,1,0,58,4
10680,1,0,21,4
10734,0,2.87,45,1
10788,1,6,40,2
10811,1,0,55,2
10836,1,0,28,3
10838,1,3,100,3
10879,1,4,55,3
10912,1,11,94,4
11107,1,3.5,37,1
11108,1,5,75,3
11112,0,1.9,35,2
11142,1,2.4,40,1
11988,1,0,93,3
12003,1,0,64,1
12029,1,2.5,35,3
12032,1,0,49,3
12091,1,5.8,48,3
12103,0,1.43,28,3
12122,1,2.5,55,3
12159,1,4.3,65,1
12166,1,0,65,1
12202,0,2.3,91,2
13018,1,0,84,0
13025,1,0,40,1
13030,1,0,150,3
13032,1,3,28,3
13036,1,2.05,31,4
13052,1,3,30,3
13118,1,0,91,3
13381,1,0,27,2
13385,1,10,85,3
13389,1,1,60,4
13407,0,0,35,1
13428,1,6.5,60,0
13501,1,0,105,4
13504,1,1.4,37,2
13569,0,0,64,2
13585,1,4.6,115,0
13632,1,0,51,2
13668,1,3.43,29,1
13685,0,0,37,1
13699,1,9.2,55,3
13756,1,0,46,3
13805,1,0,29,4
13839,0,2.85,19,4
13867,1,4,37,3
13900,1,3.68,63,3
13940,1,0,75,2
13991,1,4.8,55,1
14086,1,11,39,4
14090,1,5.3,55,2
14194,1,0,82,2
14330,1,0,50,1
14440,1,2.2,34,4
14531,1,0,65,2
14567,0,4,32,3
14596,1,10,60,2
14643,1,3.03,45,3
14715,1,7.9,74,4
14782,0,2.6,70,4
14866,0,6.4,66,1
15075,1,0,30,4
15175,1,1.62,34,3
15208,0,3.5,47,3
15219,1,4.17,36,3
15287,1,0,56,3
15340,1,0.97,25,3
15463,1,1.6,51,1
15555,0,2.4,48,2
15568,0,2.3,127,2
15679,1,0,70,4
15736,1,0,57,3
15747,0,1.36,65,2
15761,1,1.81,50,3
15765,1,0,21,3
15778,1,0,30,3
15797,1,0,50,3
15799,1,0,50,2
15861,1,8,60,0
15940,1,0,70,3
16033,1,0,53,4
16044,1,2.4,42,3
16053,1,0,34,4
16160,1,0,80,3
16163,1,0,61,3
16196,1,1.02,50,2
16222,1,3.45,75,1
16232,1,3.4,92,3
16252,1,0,69,4
16260,1,0,50,4
16263,1,2.7,28,2
16307,1,2.6,37,2
16308,1,0,145,2
16358,1,4.2,99,2
16387,1,0,80,4
16393,0,0,60,3
16608,1,1.2,31,4
16626,1,0,45,4
16642,0,3.4,26,0
16672,1,0,58,4
16703,1,2.03,37,3
16760,1,0,82,4
16777,1,0,37,4
16817,0,2.1,53,2
16934,1,2.3,65,3
16950,1,3,40,4
16994,1,4.95,47,2
17068,1,0,70,4
17125,1,2.1,36,2
17178,1,0,100,2
17207,1,0.85,49,3
17218,1,4.9,50,1
17275,1,2.5,34,3
17373,1,0,38,4
17415,1,0,60,4
17419,1,1,42,3
17422,1,3,85,4
17440,0,0,101,4
17517,1,0,55,0
17518,1,0,34,4
17544,1,2.3,30,2
17579,1,0,46,3
17640,1,3,38,3
17641,1,2.3,29,3
17681,1,3,105,3
17691,1,4,32,3
17715,0,3,80,2
17744,1,2.9,26,3
17762,1,4,75,1
17778,1,4,55,2
17808,1,3,33,3
17821,1,0.68,42,3
17827,1,11,48,3
17835,1,0,62,3
17890,1,2.35,60,3
17924,0,2.7,21,2
17929,1,1.79,56,3
17939,1,0,45,3
17943,1,4,44,3
17950,1,2.03,15,3
17960,1,0,45,3
17961,1,11,46,4
17963,1,3.8,64,3
18009,1,5.1,51,3
18036,1,1.38,57,2
18037,1,0,79,2
18046,1,1.6,40,3
18048,1,0,59,4
18059,1,1.6,38,4
18066,1,0,37,4
18087,1,0,45,4
18090,0,0,53,3
18142,1,0,105,3
18153,1,0,50,3
18165,1,4,42,2
18185,1,0,43,2
18196,1,0,136,4
18211,1,11,59,4
18223,1,0,74,1
18231,0,0,15,4
18253,1,0,65,4
18293,1,0,60,2
18294,1,0,60,4
18304,0,0.5,60,2
18341,1,0,42,4
18351,1,0,30,2
18358,1,0,25,3
18370,0,0,27,4
18372,1,0,40,4
18378,1,8,55,2
18479,1,0,49,4
18724,0,0,26,4
18732,1,0,38,4
18754,1,2.8,74,4
18755,1,4,30,3
18826,1,0,47,4
18878,1,4.8,55,1
18880,1,0,50,3
18891,1,3.5,34,2
18896,1,1.35,31,4
18930,1,1.3,47,3
18933,1,0,100,3
19978,1,0,54,4
20006,1,0,50,2
20081,1,2,42,3
20085,0,0,61,2
20087,1,0.83,90,3
20098,1,4,34,0
20105,1,0,65,1
20112,1,0,65,3
20115,1,3.8,65,2
20122,1,0,55,4
20139,1,1,40,2
20158,1,3,63,3
20190,1,6,65,4
20192,1,0,32,4
20216,0,2.03,32,3
20230,1,0,37,4
20236,1,0,37,3
20272,1,3,30,2
20282,0,0,82,4
20289,1,0,67,2
20294,0,1.1,26,2
20316,1,0,48,4
20340,0,0,80,3
20347,1,0,50,1
20348,1,0,59,1
20382,1,4,123,1
20387,0,3.5,32,2
20404,1,5,42,3
20414,0,0,63,1
20450,1,0,49,2
20464,0,0.83,34,3
20474,1,0,82,3
20554,1,0,75,2
20585,1,0.9,32,2
20596,1,0,44,3
20600,0,1.6,32,2
20663,1,7,97,2
20674,1,0,66,2
20678,1,0,39,2
20704,1,2.03,32,3
20714,1,1,32,2
20715,1,0,53,4
20716,0,2.5,75,2
20719,1,0,45,4
20722,0,3,80,2
20974,1,0,60,4
20975,1,0,47,4
20986,1,0,72,4
20994,1,0,55,4
21036,1,0,70,1
21072,1,0,38,2
21083,0,0,42,2
21095,1,0.8,40,3
21098,1,0,26,3
21104,1,4,57,1
21120,1,0,65,3
21143,1,4.15,57,1
21170,1,0,45,4
21177,1,1.6,60,3
21204,1,3.45,85,4
21210,1,0,60,3
21227,1,0,51,4
21230,1,0,39,2
21231,1,0,37,4
21638,0,0,45,2
21642,1,0,102,3
21691,1,0,103,4
21693,1,3.68,34,3
21697,1,0,80,4
21708,0,3,64,3
21709,1,0,75,4
21710,1,0,80,4
21728,1,10,78,3
21746,1,0,44,4
21788,0,0,65,4
21790,1,9,80,3
21795,1,3.9,65,2
22371,0,1.9,73,4
22399,1,3.6,75,0
22400,0,1.1,33,2
22401,1,25.5,75,4
22415,1,0,65,2
22425,0,3.68,59,3
22438,1,0,55,4
22455,1,3,53,2
22477,1,0,45,2
22538,1,0,51,4
22575,1,0,40,4
22581,1,2.8,65,2
22586,1,0,45,4
22591,1,2.03,25,3
22598,1,0,68,4
22620,1,0,50,4
22642,1,3.4,26,2
23003,1,1.2,35,4
23014,1,0,21,4
